{
    "loss": 1.1223746538162231,
    "accuracy": 0.9568965435028076
}